Network Name,IP Address,u_marsha,u_lsp
BNAOP,50.237.134.163,BNAOP,Allbridge
RICNW,65.216.134.3,RICNW,Comcast Business
BNACA,12.107.237.141,BNACA,Comcast Business
BNAFP,12.71.208.243,BNAFP,SafetyNetAccess
MIAMS,134.204.37.117,MIAMS,HotSpot International
YGKFP,204.101.207.140,YGKFP,Concord
YGKFP,204.101.207.140,YGKFP,Concord
ATLDC,12.70.20.98,ATLDC,SafetyNetAccess
BNABR,12.153.6.10,BNABR,SafetyNetAccess
BOSBC,206.66.84.236,BOSBC,SafetyNetAccess
BOSDH,50.234.29.132,BOSDH,SafetyNetAccess
BWICB,65.242.119.250,BWICB,SafetyNetAccess
BWIDH,8.23.51.8,BWIDH,SafetyNetAccess
CAKFC,12.238.143.200,CAKFC,SafetyNetAccess
CLEFP,70.60.132.62,CLEFP,SafetyNetAccess
CMHWI,98.100.82.212,CMHWI,SafetyNetAccess
CVGAP,216.68.36.161,CVGAP,SafetyNetAccess
CVGCA,216.68.60.203,CVGCA,SafetyNetAccess
DALLS,172.108.196.66,DALLS,SafetyNetAccess
DALTG,97.77.36.197,DALTG,SafetyNetAccess
DAYSH,98.102.147.5,DAYSH,SONIFI
DENAF,65.114.197.130,DENAF,SafetyNetAccess
DENTN,65.140.151.190,DENTN,SafetyNetAccess
DFWGV,97.77.36.196,DFWGV,SafetyNetAccess
FSDSI,65.98.159.188,FSDSI,SafetyNetAccess
GPTRI,12.170.33.130,GPTRI,SafetyNetAccess
HARET,50.225.215.170,HARET,SafetyNetAccess
HOUDM,12.189.113.124,HOUDM,SafetyNetAccess
HOUGI,67.200.234.5,HOUGI,SafetyNetAccess
HSVHW,12.215.206.34,HSVHW,SafetyNetAccess
ILECY,8.9.41.116,ILECY,SONIFI
INDES,216.238.24.140,INDES,SafetyNetAccess
INDPS,12.195.22.34,INDPS,SafetyNetAccess
LASHD,4.2.42.195,LASHD,SafetyNetAccess
LAXCE,66.171.146.243,LAXCE,Blueprint RF
MCIMT,169.130.188.60,MCIMT,SafetyNetAccess
MIAFS,12.237.164.131,MIAFS,SafetyNetAccess
MIATA,12.215.83.35,MIATA,SafetyNetAccess
MSLRI,12.5.127.130,MSLRI,SafetyNetAccess
PBIRH,50.233.66.16,PBIRH,SafetyNetAccess
PHLMH,50.20.5.194,PHLMH,SafetyNetAccess
PHLVO,216.178.65.130,PHLVO,SONIFI
PHXSI,207.225.163.165,PHXSI,SafetyNetAccess
RKHTS,208.104.91.130,RKHTS,SafetyNetAccess
SACEX,50.201.182.236,SACEX,SafetyNetAccess
SDFLA,12.68.236.230,SDFLA,SafetyNetAccess
SDFRA,12.68.236.195,SDFRA,Cloud5
SNAIR,12.184.93.115,SNAIR,SafetyNetAccess
STLOF,12.28.46.35,STLOF,SafetyNetAccess
VELSH,67.213.234.99,VELSH,SONIFI
VELTS,67.213.230.244,VELTS,SONIFI
WASWD,50.233.152.2,WASWD,SONIFI
YNGFS,98.103.62.3,YNGFS,SONIFI
YYZDA,38.117.106.180,YYZDA,SafetyNetAccess
ABYFX,97.64.243.118,ABYFX,Comcast Business
AGSCH,209.64.133.6,AGSCH,Comcast Business
ALBBR,184.74.19.188,ALBBR,Comcast Business
AGSRI,66.49.112.52,AGSRI,Comcast Business
ATLKB,12.148.90.211,ATLKB,Blueprint RF
AUSFI,12.36.164.104,AUSFI,Comcast Business
BHMAL,12.49.40.11,BHMAL,Comcast Business
BOIFI,184.155.139.210,BOIFI,Comcast Business
BOSDE,50.204.117.130,BOSDE,Comcast Business
BQKCJ,98.19.96.21,BQKCJ,Comcast Business
BQKRJ,98.19.96.20,BQKRJ,Comcast Business
CLENO,12.219.242.195,CLENO,Comcast Business
DAYML,12.207.121.8,DAYML,Comcast Business
DTTTR,63.85.222.136,DTTTR,Comcast Business
FLLCY,12.216.122.4,FLLCY,Comcast Business
HARSI,208.240.59.227,HARSI,Comcast Business
IAHFP,50.208.73.179,IAHFP,Comcast Business
IDARI,63.230.116.164,IDARI,Comcast Business
INDAP,12.18.146.211,INDAP,Comcast Business
INDFA,12.215.69.52,INDFA,Comcast Business
LANTS,50.232.76.147,LANTS,Comcast Business
LAXCH,65.204.170.68,LAXCH,Comcast Business
LNKCY,76.79.31.115,LNKCY,Comcast Business
MCOCH,12.217.56.67,MCOCH,Comcast Business
MDWTS,107.1.155.12,MDWTS,Comcast Business
MSYCM,12.147.77.56,MSYCM,Comcast Business
PDXAK,70.99.6.60,PDXAK,Comcast Business
PDXPD,65.154.106.6,PDXPD,Comcast Business
PHLML,65.196.68.142,PHLML,Comcast Business
PHLWL,65.216.154.69,PHLWL,Comcast Business
PHXAC,63.237.185.202,PHXAC,Comcast Business
SAVCH,12.207.216.3,SAVCH,Comcast Business
SFOFA,50.226.47.212,SFOFA,Comcast Business
SFOSN,50.227.211.196,SFOSN,Comcast Business
SFOSU,50.227.215.53,SFOSU,Comcast Business
SJCAK,66.201.56.4,SJCAK,Comcast Business
SJCFV,12.220.155.20,SJCFV,Comcast Business
SLCLG,65.115.218.242,SLCLG,Comcast Business
SLCSD,97.75.163.35,SLCSD,Comcast Business
SNABP,12.139.135.13,SNABP,Comcast Business
SNAPK,12.40.67.214,SNAPK,Comcast Business
TPAAP,172.109.167.93,TPAAP,Comcast Business
TPASL,144.129.2.35,TPASL,Comcast Business
WASFK,50.216.174.36,WASFK,Comcast Business
WASTO,98.175.7.44,WASTO,Comcast Business
LAXCV,12.172.110.85,LAXCV,HotSpot International
LAXFR,66.214.145.126,LAXFR,HotSpot International
NYCQL,40.129.123.99,NYCQL,HotSpot International
SANSD,70.168.58.170,SANSD,HotSpot International
SANVI,174.77.162.201,SANVI,SONIFI
ALBFW,184.74.85.150,ALBFW,HotSpot International
ALBTX,24.105.198.213,ALBTX,HotSpot International
ATLCR,24.49.145.67,ATLCR,HotSpot International
ATLMD,12.138.118.254,ATLMD,HotSpot International
BDLDT,104.226.20.123,BDLDT,HotSpot International
BDLCW,50.200.238.110,BDLCW,HotSpot International
BDLHO,50.226.130.190,BDLHO,HotSpot International
BDLSI,174.77.115.233,BDLSI,HotSpot International
BMGCF,50.236.89.158,BMGCF,HotSpot International
BWIDI,192.210.28.133,BWIDI,HotSpot International
BWILS,206.136.105.30,BWILS,HotSpot International
CAEAL,98.101.184.158,CAEAL,HotSpot International
CDWTS,50.239.227.190,CDWTS,HotSpot International
CIDCR,74.84.124.231,CIDCR,HotSpot International
CMHCG,216.70.44.84,CMHCG,HotSpot International
CMHFG,12.132.134.236,CMHFG,HotSpot International
DALGV,97.77.89.158,DALGV,HotSpot International
DALSW,71.15.116.126,DALSW,HotSpot International
DFWDE,131.150.74.126,DFWDE,HotSpot International
DFWDN,75.140.228.78,DFWDN,HotSpot International
DFWFI,128.92.217.78,DFWFI,HotSpot International
DSMCM,206.226.69.34,DSMCM,Parity
DTWMB,50.201.51.212,DTWMB,HotSpot International
FNTFG,50.227.60.70,FNTFG,HotSpot International
FLLFP,24.145.78.244,FLLFP,HotSpot International
FWASW,184.17.61.58,FWASW,HotSpot International
GSONC,12.53.251.10,GSONC,HotSpot International
HGRMB,50.239.20.4,HGRMB,HotSpot International
HGRSC,63.145.207.30,HGRSC,HotSpot International
HOUTB,50.227.246.142,HOUTB,HotSpot International
HPNNB,69.193.159.94,HPNNB,Parity
ILGWD,151.181.230.30,ILGWD,HotSpot International
ILGTS,50.77.81.125,ILGTS,HotSpot International
INDDE,50.239.108.30,INDDE,HotSpot International
LBESS,50.237.25.222,LBESS,HotSpot International
MCIKS,40.141.128.254,MCIKS,HotSpot International
MBSCB,47.44.150.142,MBSCB,Parity
MCISR,40.141.128.246,MCISR,HotSpot International
MEITX,142.190.4.94,MEITX,HotSpot International
MRYSH,50.225.143.226,MRYSH,HotSpot International
NYCET,198.179.68.60,NYCET,SONIFI
NYCFT,68.233.183.94,NYCFT,HotSpot International
NYCLR,172.254.56.190,NYCLR,HotSpot International
NYCSK,198.179.70.110,NYCSK,HotSpot International
OAKFI,50.239.62.154,OAKFI,HotSpot International
ONTTC,69.75.186.254,ONTTC,HotSpot International
PBGFI,72.22.6.126,PBGFI,HotSpot International
PHLCN,50.228.127.131,PHLCN,HotSpot International
PHLCV,206.136.82.238,PHLCV,HotSpot International
PHLMO,38.123.136.147,PHLMO,Parity
PNSOR,69.85.218.158,PNSOR,HotSpot International
RMGCY,12.162.192.110,RMGCY,Parity
ROCFB,24.213.244.62,ROCFB,HotSpot International
SAFCY,50.238.160.222,SAFCY,HotSpot International
SANCD,12.0.118.110,SANCD,HotSpot International
SBNCB,50.237.8.30,SBNCB,HotSpot International
SBNSD,50.225.245.200,SBNSD,HotSpot International
SFOAK,12.51.135.28,SFOAK,HotSpot International
SLCFM,63.78.215.21,SLCFM,HotSpot International
SLCSW,104.244.87.226,SLCSW,HotSpot International
TEBEL,24.38.7.46,TEBEL,SONIFI
TOLBG,147.0.240.190,TOLBG,HotSpot International
YEGAF,208.118.95.98,YEGAF,GuestTek
CSGLG,47.44.50.114,CSGLG,Blueprint RF
LNKTS,162.210.5.60,LNKTS,SONIFI
LSEFD,104.201.89.194,LSEFD,SONIFI
GNVSC,204.134.233.2,GNVSC,SONIFI
HNMWI,24.43.221.5,HNMWI,SONIFI
RDUSF,96.10.240.194,RDUSF,SONIFI
PVDDT,70.169.182.147,PVDDT,SONIFI
TLHCH,63.149.176.4,TLHCH,Comcast Business
WASPS,50.228.127.229,WASPS,HotSpot International
WCTNW,98.6.81.94,WCTNW,HotSpot International
VISVT,12.45.179.138,VISVT,SONIFI
YULAL,207.35.220.221,YULAL,HotSpot International
YQRDR,207.195.91.94,YQRDR,HotSpot International
AOOTA,209.196.165.99,AOOTA,Blueprint RF
BFLTS,12.181.80.66,BFLTS,Blueprint RF
BHMBB,75.114.38.186,BHMBB,Blueprint RF
BHMCO,12.23.150.242,BHMCO,Blueprint RF
BNAKV,12.71.222.39,BNAKV,Blueprint RF
BOSAV,65.217.204.98,BOSAV,Blueprint RF
BTLFI,50.228.47.66,BTLFI,Blueprint RF
BURSC,12.96.123.134,BURSC,Blueprint RF
CHITL,12.1.126.220,CHITL,Blueprint RF
DALSH,12.189.133.134,DALSH,Blueprint RF
DENCD,204.132.107.34,DENCD,Blueprint RF
DENLK,205.169.165.10,DENLK,Blueprint RF
DFWFD,216.74.227.98,DFWFD,Blueprint RF
DFWWL,47.44.63.162,DFWWL,Blueprint RF
DSMEL,207.108.41.162,DSMEL,Blueprint RF
EWRGP,65.196.32.146,EWRGP,Blueprint RF
EWROG,134.6.206.34,EWROG,Blueprint RF
FATTS,12.51.39.66,FATTS,Blueprint RF
FWATS,50.239.174.98,FWATS,Blueprint RF
GRRSH,12.170.86.194,GRRSH,SONIFI
HOUBF,209.214.8.98,HOUBF,Blueprint RF
HOUKW,207.192.195.76,HOUKW,Blueprint RF
HOUTP,12.1.182.163,HOUTP,Blueprint RF
HVNCY,184.81.57.194,HVNCY,Blueprint RF
ILERI,97.77.246.66,ILERI,Blueprint RF
ILMCY,12.170.8.210,ILMCY,Blueprint RF
JAXCA,12.228.48.66,JAXCA,SONIFI
JAXCH,12.173.145.6,JAXCH,Blueprint RF
LBBTS,216.131.28.84,LBBTS,Blueprint RF
LEXRI,24.172.241.18,LEXRI,Blueprint RF
LSEFI,63.144.123.2,LSEFI,Blueprint RF
MCNFW,66.210.74.66,MCNFW,Blueprint RF
MCOYW,67.231.199.68,MCOYW,Blueprint RF
MHKCY,184.80.242.60,MHKCY,Blueprint RF
MHKFP,70.167.45.228,MHKFP,Blueprint RF
MKTCY,68.232.230.194,MKTCY,SONIFI
MLUFS,208.46.188.247,MLUFS,Blueprint RF
MSYMM,209.96.202.10,MSYMM,Blueprint RF
OKCQS,12.41.205.135,OKCQS,Blueprint RF
OKCRI,12.31.192.162,OKCRI,Blueprint RF
POUCY,184.75.127.3,POUCY,Blueprint RF
RDMFI,66.39.161.154,RDMFI,SONIFI
RDMTS,67.59.65.218,RDMTS,SONIFI
SJCFP,12.1.67.138,SJCFP,Blueprint RF
SJCNO,209.37.255.2,SJCNO,SONIFI
SYRRI,63.85.18.130,SYRRI,Blueprint RF
TPATN,97.76.251.226,TPATN,Blueprint RF
VRPFI,50.201.238.98,VRPFI,Blueprint RF
ALOCL,159.242.49.60,ALOCL,SONIFI
BMGSH,192.210.25.158,BMGSH,SONIFI
CHIBG,12.229.169.9,CHIBG,SONIFI
CIDEL,192.154.14.165,CIDEL,SONIFI
COSSD,50.223.9.164,COSSD,SONIFI
DFWMC,12.190.109.162,DFWMC,SONIFI
DTTTT,12.238.140.7,DTTTT,SONIFI
DTWRM,144.121.181.75,DTWRM,SONIFI
FAYSH,65.133.125.243,FAYSH,SONIFI
FLLMP,134.6.148.131,FLLMP,SONIFI
GSOAB,96.10.149.34,GSOAB,SONIFI
GSOGA,97.75.157.2,GSOGA,SONIFI
HOUST,50.201.74.106,HOUST,SONIFI
HPNSI,12.68.74.220,HPNSI,SONIFI
HSVAV,24.246.103.2,HSVAV,SONIFI
INDSI,98.21.160.188,INDSI,SONIFI
ISPRH,24.246.100.21,ISPRH,SONIFI
LASVN,98.185.117.3,LASVN,SONIFI
LEXRD,147.0.200.34,LEXRD,SONIFI
MCNTX,12.16.129.108,MCNTX,SONIFI
MCOWS,65.127.191.10,MCOWS,SONIFI
MEMRI,12.104.86.235,MEMRI,SONIFI
MKECY,74.51.18.22,MKECY,SONIFI
MKETO,12.34.46.2,MKETO,SONIFI
MLBSC,184.80.40.194,MLBSC,SONIFI
MMHWI,12.198.59.114,MMHWI,SONIFI
MOBSP,66.184.144.98,MOBSP,SONIFI
MTHFI,207.250.171.27,MTHFI,SONIFI
OAKLM,69.170.44.114,OAKLM,SONIFI
OKCSI,12.176.122.124,OKCSI,SONIFI
OMAFD,184.187.12.194,OMAFD,SONIFI
PGVRI,207.192.225.66,PGVRI,SONIFI
PHLFA,65.220.47.146,PHLFA,SONIFI
PHLPF,50.204.112.103,PHLPF,SONIFI
RSTTS,71.87.10.85,RSTTS,SONIFI
RSWFB,63.148.219.19,RSWFB,SONIFI
SANCR,12.138.39.9,SANCR,SONIFI
SATNA,12.157.251.5,SATNA,SONIFI
SAVSP,64.203.230.35,SAVSP,SONIFI
SBNWL,12.150.45.217,SBNWL,SONIFI
SGFTS,12.20.100.92,SGFTS,SONIFI
TPARH,97.78.132.100,TPARH,SONIFI
WASBT,65.220.11.21,WASBT,SONIFI
YQGTS,198.175.23.66,YQGTS,SONIFI
YULBC,216.113.47.20,YULBC,SONIFI
YYZBM,72.138.24.254,YYZBM,SONIFI
YXUCY,207.35.96.123,YXUCY,SONIFI
CLELY,74.142.200.94,CLELY,Parity
DENAP,65.140.8.226,DENAP,GuestTek
EWRWM,65.74.2.114,EWRWM,SONIFI
HLNRI,67.52.95.18,HLNRI,GuestTek
LASNV,63.237.165.130,LASNV,GuestTek
LAXRO,12.176.54.98,LAXRO,GuestTek
LBBFI,199.123.2.135,LBBFI,GuestTek
MAFFI,160.3.220.146,MAFFI,GuestTek
MBSSG,216.25.191.226,MBSSG,GuestTek
MBSTP,63.76.11.2,MBSTP,GuestTek
MCICV,150.220.242.116,MCICV,GuestTek
MCISM,12.164.200.109,MCISM,GuestTek
MEMCA,12.203.205.66,MEMCA,GuestTek
MFRCY,69.85.213.31,MFRCY,GuestTek
MKEDN,12.237.55.66,MKEDN,GuestTek
MNZCH,63.88.70.131,MNZCH,GuestTek
MNZCY,170.249.134.111,MNZCY,GuestTek
MSNMV,12.175.2.226,MSNMV,GuestTek
MSYRZ,12.68.221.114,MSYRZ,GuestTek
OMART,65.155.45.18,OMART,GuestTek
OSHFI,99.110.125.177,OSHFI,GuestTek
OWBTS,74.9.214.178,OWBTS,GuestTek
PHLSA,65.124.80.194,PHLSA,GuestTek
PHLVF,67.51.133.205,PHLVF,GuestTek
PHXRP,98.179.134.178,PHXRP,GuestTek
PLNAK,12.31.195.130,PLNAK,SONIFI
PWMPT,50.235.189.212,PWMPT,GuestTek
RDUDR,209.119.243.3,RDUDR,GuestTek
SEANG,205.170.182.2,SEANG,GuestTek
SNADP,8.9.46.178,SNADP,GuestTek
SPAMC,128.92.65.167,SPAMC,GuestTek
STCFI,12.175.7.130,STCFI,GuestTek
SPAWE,12.232.137.2,SPAWE,GuestTek
SPISH,12.175.7.162,SPISH,GuestTek
STLWP,66.172.203.220,STLWP,GuestTek
TRXFI,64.207.235.131,TRXFI,GuestTek
TUSAD,72.47.16.130,TUSAD,GuestTek
TYRSL,24.97.190.132,TYRSL,GuestTek
WASGO,216.36.22.93,WASGO,GuestTek
YGKRI,71.7.183.245,YGKRI,GuestTek
YHZCY,76.11.6.186,YHZCY,GuestTek
YHZRI,64.141.77.34,YHZRI,GuestTek
YQLFI,207.179.142.4,YQLFI,GuestTek
YULHY,64.251.70.126,YULHY,GuestTek
YVRDT,74.3.157.158,YVRDT,SONIFI
YYTCY,69.17.174.105,YYTCY,GuestTek
ARBSI,207.243.51.221,ARBSI,SingleDigits
ATLRE,134.56.64.51,ATLRE,Allbridge
BNAAL,12.34.111.147,BNAAL,GuestTek
BOSCY,96.86.69.187,BOSCY,SingleDigits
BWIFM,65.216.246.143,BWIFM,SingleDigits
CTDCY,47.176.19.114,CTDCY,SingleDigits
CTDRI,47.176.225.194,CTDRI,SingleDigits
DENWW,50.207.133.83,DENWW,SingleDigits
DFWDS,12.5.51.53,DFWDS,SONIFI
DTWDI,12.1.118.71,DTWDI,SingleDigits
EWRWS,74.10.136.164,EWRWS,SingleDigits
FLLBR,170.55.150.147,FLLBR,SingleDigits
FYVFC,70.182.114.2,FYVFC,SONIFI
HNLKS,64.129.1.8,HNLKS,SingleDigits
HNLLC,64.129.1.15,HNLLC,SingleDigits
HOUGP,12.233.84.170,HOUGP,SingleDigits
HOUIW,50.207.201.6,HOUIW,SingleDigits
HOUWL,12.196.232.16,HOUWL,SingleDigits
IADWF,208.250.66.8,IADWF,GuestTek
IAHAP,12.97.203.243,IAHAP,SingleDigits
ILGSS,50.227.149.50,ILGSS,SingleDigits
INDST,70.60.133.210,INDST,SingleDigits
JAXAL,12.237.80.141,JAXAL,SONIFI
JAXSH,4.79.101.231,JAXSH,SingleDigits
LAXHW,12.230.36.66,LAXHW,SingleDigits
LAXPW,198.44.220.5,LAXPW,SingleDigits
LAXRL,12.108.114.67,LAXRL,SingleDigits
LGBRN,72.37.134.19,LGBRN,SingleDigits
MCOAP,67.201.64.11,MCOAP,SingleDigits
MCICC,4.17.247.131,MCICC,SingleDigits
MEMCD,12.49.164.41,MEMCD,SingleDigits
MIAAP,65.205.152.67,MIAAP,SingleDigits
MIACS,65.205.152.101,MIACS,SingleDigits
MIAEB,12.26.136.96,MIAEB,SingleDigits
MRYCA,12.151.35.131,MRYCA,SingleDigits
PDXOR,65.140.146.140,PDXOR,SingleDigits
PHXSF,184.191.143.238,PHXSF,SingleDigits
PHXST,64.158.128.131,PHXST,SingleDigits
PHXNO,65.200.13.131,PHXNO,SingleDigits
PSPSR,209.118.130.10,PSPSR,GuestTek
RNORZ,12.153.217.121,RNORZ,SingleDigits
SACMC,12.238.89.170,SACMC,SingleDigits
SANDM,12.9.178.6,SANDM,SingleDigits
SDFAP,74.219.153.41,SDFAP,SONIFI
SFORZ,12.203.141.197,SFORZ,SingleDigits
SNAVO,64.147.5.163,SNAVO,SingleDigits
STLFN,71.91.244.86,STLFN,SingleDigits
TPASP,71.44.219.121,TPASP,SONIFI
YQRAK,207.195.40.44,YQRAK,SingleDigits
YQMFP,207.179.178.234,YQMFP,SingleDigits
YSEWV,173.214.130.163,YSEWV,SingleDigits
YULSI,24.37.194.131,YULSI,SingleDigits
YSEWI,173.214.130.99,YSEWI,SingleDigits
YYCFI,204.191.60.226,YYCFI,SONIFI
YYCWI,206.174.202.43,YYCWI,SingleDigits
YYCXA,208.118.127.68,YYCXA,SingleDigits
YYZCY,99.209.12.198,YYZCY,SingleDigits
YYZDL,209.5.237.225,YYZDL,SingleDigits
YYZTC,76.9.197.176,YYZTC,SingleDigits
CUNFD,187.188.16.179,CUNFD,SingleDigits
TIJFI,189.197.63.234,TIJFI,SingleDigits
AHNRZ,207.5.47.71,AHNRZ,SingleDigits
PHXLC,65.154.156.50,PHXLC,SingleDigits
DBQTS,207.191.204.40,DBQTS,SingleDigits
EVVFJ,147.0.102.163,EVVFJ,SingleDigits
MEMTX,12.49.140.67,MEMTX,SingleDigits
ORFPT,67.52.174.221,ORFPT,SafetyNetAccess
SHVTS,12.10.71.11,SHVTS,SingleDigits
PNSRP,12.131.252.201,PNSRP,SingleDigits
TLHCY,208.44.197.8,TLHCY,SONIFI
AZOZO,96.36.55.130,AZOZO,Allbridge
CHIXS,198.41.89.115,CHIXS,Allbridge
CLEAK,70.61.255.230,CLEAK,Allbridge
DALAC,12.47.142.194,DALAC,Allbridge
DALAS,192.210.23.146,DALAS,Allbridge
DALPR,97.105.138.146,DALPR,Allbridge
DENFA,204.131.50.66,DENFA,SONIFI
DENDA,65.126.187.66,DENDA,Allbridge
DENFI,199.117.93.194,DENFI,Allbridge
DFWAR,12.5.251.3,DFWAR,Allbridge
DFWTW,12.202.118.34,DFWTW,Allbridge
DROFI,69.39.5.218,DROFI,Allbridge
ERISI,98.103.156.199,ERISI,SONIFI
EWRMV,69.74.89.52,EWRMV,Allbridge
FLGCY,207.192.242.194,FLGCY,SONIFI
FWARI,12.187.55.130,FWARI,SONIFI
GRBDT,12.175.17.130,GRBDT,Blueprint RF
GSOCY,70.61.84.123,GSOCY,Allbridge
HOUPS,12.28.69.2,HOUPS,Cloud5
LASEL,24.120.204.82,LASEL,SONIFI
LITRV,216.163.8.138,LITRV,Allbridge
LRUTS,216.161.41.55,LRUTS,Allbridge
MEMGR,12.168.167.194,MEMGR,SONIFI
MGMTM,24.96.80.20,MGMTM,Allbridge
MKEFI,70.62.154.114,MKEFI,Allbridge
MKEWE,12.28.102.2,MKEWE,Blueprint RF
OKCAP,12.52.165.18,OKCAP,Allbridge
PAHFI,12.107.245.181,PAHFI,Allbridge
RDURB,98.101.158.91,RDURB,Allbridge
RDURX,66.57.248.11,RDURX,Allbridge
SACCX,207.183.240.202,SACCX,SONIFI
SANOX,12.181.158.210,SANOX,Allbridge
TBNFI,45.45.185.233,TBNFI,SONIFI
WGOFI,204.111.19.51,WGOFI,Allbridge
HOUCT,50.202.153.149,HOUCT,Allbridge
CHIRL,12.28.2.119,CHIRL,Comcast Business
MIAMD,50.79.149.209,MIAMD,SingleDigits
SRQCY,170.55.47.68,SRQCY,SONIFI
SRQRI,199.27.246.2,SRQRI,SONIFI
CLTRD,66.57.97.226,CLTRD,SingleDigits
PITHW,173.225.48.4,PITHW,Concord
CLECI,12.231.113.3,CLECI,Comcast Business
MCOOI,12.187.10.196,MCOOI,Comcast Business
BWRAR,12.26.223.130,BWRAR,SafetyNetAccess
CHIDM,12.106.178.2,CHIDM,Blueprint RF
DALFM,131.150.68.154,DALFM,GuestTek
LAXDB,192.210.29.180,LAXDB,HotSpot International
ANCRI,209.112.153.2,ANCRI,GuestTek
POURK,208.240.100.210,POURK,SONIFI
EVVCY,131.106.198.115,EVVCY,GuestTek
ATLMA,12.164.183.247,ATLMA,SONIFI
BDLHF,50.226.185.51,BDLHF,Cloud5
GRIGI,104.218.81.98,GRIGI,Cloud5
HHHGR,67.201.73.151,HHHGR,Cloud5
LEBFI,72.15.30.19,LEBFI,Cloud5
MCOLX,216.53.153.67,MCOLX,Cloud5
MCOLZ,216.53.153.104,MCOLZ,Cloud5
SFOMD,12.205.173.171,SFOMD,Cloud5
WASVS,50.202.183.85,WASVS,SONIFI
HOUFW,12.200.153.162,HOUFW,GuestTek
SFOFP,12.138.45.140,SFOFP,Cloud5
CVGDT,216.68.36.66,CVGDT,SafetyNetAccess
MEMEF,12.184.130.94,MEMEF,Allbridge
BWITF,50.230.238.42,BWITF,SONIFI
ISPMF,95.56.189.109,ISPMF,SONIFI
HNLWS,64.129.1.0,HNLWS,SingleDigits
MADFI,190.57.23.228,MADFI,Esferize
PDXRZ,206.222.221.5,PDXRZ,Cloud5
BNADA,72.166.81.142,BNADA,Cloud5
LEXFF,216.207.217.123,LEXFF,Allbridge
MEMOB,63.209.200.133,MEMOB,Allbridge
AUSAL,134.6.226.3,AUSAL,GuestTek
BISFI,63.158.236.2,BISFI,GuestTek
BISRI,63.232.94.130,BISRI,GuestTek
BOSYW,67.132.13.2,BOSYW,GuestTek
BWISL,50.204.232.194,BWISL,GuestTek
CHICC,12.105.31.198,CHICC,GuestTek
CHIIL,12.1.222.66,CHIIL,GuestTek
CHSCN,12.36.226.66,CHSCN,GuestTek
CMHTH,98.100.91.162,CMHTH,GuestTek
CMPDV,50.228.126.2,CMPDV,GuestTek
CSGAB,162.218.252.219,CSGAB,GuestTek
CVGBC,216.196.183.2,CVGBC,GuestTek
DALFP,172.108.152.242,DALFP,GuestTek
DALMQ,12.5.168.226,DALMQ,GuestTek
DENCH,50.204.17.70,DENCH,GuestTek
DMOFI,65.127.255.194,DMOFI,GuestTek
DTTRH,12.33.55.10,DTTRH,GuestTek
DTWYC,12.168.29.2,DTWYC,GuestTek
FSDRI,207.108.30.66,FSDRI,GuestTek
FSDSF,207.108.30.130,FSDSF,GuestTek
GRRRI,12.2.86.66,GRRRI,GuestTek
GRRSL,12.34.33.226,GRRSL,GuestTek
GSOGW,70.60.224.120,GSOGW,GuestTek
HSVAL,143.59.206.84,HSVAL,GuestTek
HZLFI,24.229.88.141,HZLFI,GuestTek
ICTTE,12.199.11.98,ICTTE,GuestTek
ALOFW,64.237.24.201,ALOFW,Allbridge
MEMFG,12.183.61.98,MEMFG,SONIFI
JKTFA,180.178.103.35,JKTFA,Reivernet
JEDFP,5.42.246.226,JEDFP,Hoist Group
ROMWI,195.110.152.0,ROMWI,Quadriga
EDIFP,138.248.224.176,EDIFP,Quadriga
MADCU,195.55.124.212,MADCU,Esferize
BCNKS,213.0.30.41,BCNKS,Esferize
AGPMG,195.77.240.169,AGPMG,Esferize
ALCAL,195.77.43.52,ALCAL,Esferize
VLCAP,195.77.43.180,VLCAP,Esferize
FLRFI,93.47.81.54,FLRFI,Esferize
VITBK,194.224.83.211,VITBK,Esferize
VITBK,194.224.83.211,VITBK,Esferize
DXBGC,5.195.11.0,DXBGC,GuestTek
DOHXR,78.100.140.120,DOHXR,GuestTek
PFO40,213.7.210.56,PFO40,GuestTek
FJRMD,83.111.150.40,FJRMD,GuestTek
MXLFI,201.171.250.123,MXLFI,NimbusNetworks
PIOLC,200.48.32.163,PIOLC,NimbusNetworks
RECPG,187.1.167.148,RECPG,NimbusNetworks
BUDER,86.101.159.1,BUDER,Mikenopa
DUBAL,81.173.12.252,DUBAL,Mikenopa
BERAC,217.27.204.174,BERAC,Mikenopa
ALARZ,188.0.136.163,ALARZ,Mikenopa
ADBBR,176.235.244.157,ADBBR,Mikenopa
LYSOX,85.184.70.172,LYSOX,Mikenopa
RTMTX,85.146.236.144,RTMTX,Mikenopa
LONHW,167.98.166.82,LONHW,Mikenopa
LNZCY,83.164.154.100,LNZCY,Mikenopa
LONTW,167.98.11.0,LONTW,Mikenopa
BCNSU,80.28.245.149,BCNSU,Mikenopa
KLXLC,62.74.250.120,KLXLC,Mikenopa
PARAC,46.218.2.101,PARAC,Mikenopa
BRUER,194.78.224.66,BRUER,Mikenopa
HELAK,79.134.115.38,HELAK,Mikenopa
HHNAK,5.45.1.244,HHNAK,Mikenopa
MLAMC,194.158.52.142,MLAMC,Mikenopa
NCEAC,46.218.68.246,NCEAC,Mikenopa
FRADE,62.157.211.18,FRADE,Mikenopa
BVAOX,212.106.113.12,BVAOX,Mikenopa
POZOX,217.97.158.58,POZOX,Mikenopa
TSEXR,85.29.134.216,TSEXR,Mikenopa
PRGCY,89.24.97.133,PRGCY,Mikenopa
WAWFP,178.73.4.88,WAWFP,Mikenopa
TBSMC,2.57.219.247,TBSMC,Mikenopa
WAWWI,37.128.98.192,WAWWI,Mikenopa
PARSD,37.71.5.122,PARSD,Mikenopa
VCEVM,2.33.78.9,VCEVM,Mikenopa
ABZRI,167.98.54.183,ABZRI,Mikenopa
CPTNW,105.28.113.221,CPTNW,Hoist Group
VLCAK,195.235.104.212,VLCAK,Hoist Group
AMSCA,85.146.217.174,AMSCA,Hoist Group
LGWCY,193.115.219.44,LGWCY,Hoist Group
LONBD,167.98.43.54,LONBD,Hoist Group
VCEXR,88.42.165.131,VCEXR,Mikenopa
KUNOX,88.216.176.103,KUNOX,Hoist Group
CPTAR,105.28.119.208,CPTAR,Hoist Group
JNBOR,105.28.103.162,JNBOR,Hoist Group
LHRHR,167.98.10.27,LHRHR,Hoist Group
MRSAR,37.71.255.132,MRSAR,Hoist Group
PARTX,109.7.64.19,PARTX,Hoist Group
MANAQ,213.106.181.179,MANAQ,Hoist Group
JEDSI,77.221.113.198,JEDSI,Hoist Group
PARCC,46.193.104.230,PARCC,Hoist Group
AUHMD,83.111.62.18,AUHMD,Hoist Group
DXBLV,151.253.54.61,DXBLV,Hoist Group
LONRI,167.98.39.149,LONRI,Hoist Group
GLAOS,167.98.112.2,GLAOS,Hoist Group
DXBAS,151.253.162.219,DXBAS,Hoist Group
LONWH,167.98.244.83,LONWH,Hoist Group
ISTGS,176.88.174.66,ISTGS,Hoist Group
ALCMM,195.55.206.131,ALCMM,Hoist Group
QQYOX,167.98.167.116,QQYOX,Hoist Group
MBDPR,165.165.144.252,MBDPR,Hoist Group
DXBTP,151.253.0.171,DXBTP,Hoist Group
JNBER,41.170.79.7,JNBER,Hoist Group
PARBE,37.71.143.170,PARBE,Hoist Group
PARST,46.218.58.222,PARST,Hoist Group
SEACA,4.42.79.211,SEACA,Cloud5
SEACA,4.42.79.211,SEACA,Cloud5
ANCCY,216.67.99.37,ANCCY,GuestTek
ANCSH,216.67.99.19,ANCSH,GuestTek
CYMFP,50.237.141.20,CYMFP,GuestTek
DFWCA,65.117.148.58,DFWCA,GuestTek
ERISH,98.100.28.226,ERISH,GuestTek
EWRSE,65.216.222.132,EWRSE,GuestTek
FLLFD,12.38.104.51,FLLFD,GuestTek
FYVFA,99.11.64.225,FYVFA,GuestTek
JAXRV,12.168.235.131,JAXRV,Concord
ABETS,209.173.14.192,ABETS,SingleDigits
AIYCY,130.251.240.70,AIYCY,SingleDigits
ATLAH,24.104.125.1,ATLAH,SingleDigits
RUHSA,5.42.240.230,RUHSA,interTouch
TPECD,60.251.164.196,TPECD,interTouch
BKKLA,58.64.44.3,BKKLA,interTouch
RUHDQ,87.101.131.163,RUHDQ,interTouch
ADDLC,213.55.101.101,ADDLC,interTouch
XMNMC,59.60.12.66,XMNMC,interTouch
HGHER,122.225.130.147,HGHER,interTouch
ZISSI,116.6.42.181,ZISSI,interTouch
DELMD,103.51.116.123,DELMD,interTouch
BDOCY,222.165.206.183,BDOCY,interTouch
BLRJW,115.110.70.196,BLRJW,interTouch
DELWI,110.173.191.136,DELWI,interTouch
CAISI,41.33.48.186,CAISI,GuestTek
GUMWI,67.98.162.156,GUMWI,interTouch
PABCY,219.65.118.5,PABCY,interTouch
IXCJW,115.111.242.138,IXCJW,interTouch
SHALU,116.247.99.181,SHALU,interTouch
HRGSS,41.33.182.196,HRGSS,interTouch
MAAFC,45.112.55.118,MAAFC,interTouch
ADDER,196.189.180.83,ADDER,interTouch
PNQCM,103.76.10.180,PNQCM,interTouch
SHAMG,203.156.230.101,SHAMG,interTouch
HYDMD,115.114.114.196,HYDMD,interTouch
PYXBR,103.40.137.212,PYXBR,interTouch
BLRAL,103.163.68.140,BLRAL,interTouch
RUHAB,87.101.152.51,RUHAB,interTouch
BAHER,87.252.101.132,BAHER,GuestTek
CJBFI,182.72.217.26,CJBFI,interTouch
RUHAL,37.76.255.105,RUHAL,interTouch
NTGFP,61.177.204.147,NTGFP,interTouch
MAACY,123.176.34.12,MAACY,interTouch
WUHFJ,58.48.160.194,WUHFJ,interTouch
AMDCY,103.254.34.195,AMDCY,interTouch
SELSA,183.96.224.3,SELSA,interTouch
MCTRZ,134.0.177.212,MCTRZ,interTouch
HYDMC,115.114.129.60,HYDMC,interTouch
HYDSI,14.143.14.132,HYDSI,interTouch
SHASY,101.231.152.232,SHASY,interTouch
BJSRZ,60.247.97.39,BJSRZ,interTouch
MCTMJ,85.154.29.28,MCTMJ,interTouch
SELMO,210.92.147.132,SELMO,interTouch
JEDMK,82.197.60.142,JEDMK,interTouch
MCTWH,134.0.206.35,MCTWH,interTouch
DELGU,103.234.156.146,DELGU,interTouch
SHARN,222.71.155.82,SHARN,interTouch
BAHRI,87.252.101.147,BAHRI,GuestTek
SYXWS,113.59.70.22,SYXWS,interTouch
CSXYF,218.76.54.58,CSXYF,interTouch
SELCS,115.89.79.131,SELCS,interTouch
BKKAP,202.133.182.53,BKKAP,interTouch
NOUMD,61.5.211.34,NOUMD,interTouch
INCSI,61.133.203.59,INCSI,interTouch
CAIWI,82.129.137.212,CAIWI,GuestTek
BLROX,14.194.222.139,BLROX,interTouch
DEDJW,103.93.115.42,DEDJW,interTouch
FUOCY,27.45.147.195,FUOCY,interTouch
HKGOP,42.200.6.30,HKGOP,interTouch
RMQFI,61.218.135.2,RMQFI,interTouch
SHASF,116.236.91.227,SHASF,interTouch
HAKRZ,210.13.236.34,HAKRZ,interTouch
SHLCY,103.74.169.175,SHLCY,interTouch
HUZLM,119.146.93.154,HUZLM,interTouch
BJSCP,123.124.235.41,BJSCP,interTouch
TPECY,61.222.133.33,TPECY,interTouch
HYDWH,122.184.79.131,HYDWH,interTouch
BLRWF,103.240.101.215,BLRWF,interTouch
TUSDS,70.182.52.211,TUSDS,Cloud5
MIAAK,162.225.119.231,MIAAK,Blueprint RF
ICTFD,12.219.119.217,ICTFD,SONIFI
INTWS,96.10.151.62,INTWS,SONIFI
LAXMB,216.193.225.190,LAXMB,SONIFI
SGFSN,95.115.112.50,SGFSN,SONIFI
TYSKN,12.138.228.131,TYSKN,SONIFI
YSBFI,209.91.163.245,YSBFI,SONIFI
DPSSK,114.129.18.5,DPSSK,Microsense
GOIVM,103.97.92.245,GOIVM,Microsense
ATHOX,31.16.114.70,ATHOX,Hoist Group
LHRSI,31.221.56.19,LHRSI,Mikenopa
VIESE,213.143.110.100,VIESE,Mikenopa
LBCSC,62.26.108.68,LBCSC,Mikenopa
YEIBG,38.255.88.197,YEIBG,Mikenopa
PARAR,193.163.90.140,PARAR,Mikenopa
PRGWH,197.47.25.34,PRGWH,Mikenopa
VPSTS,63.158.39.69,VPSTS,Blueprint RF
OCWFI,50.238.2.211,OCWFI,Blueprint RF
LAXTC,47.176.62.28,LAXTC,SafetyNetAccess
MSYSI,12.179.31.148,MSYSI,SafetyNetAccess
NYCFF,72.69.87.227,NYCFF,SafetyNetAccess
INTSR,70.63.197.242,INTSR,Blueprint RF
MAFOD,24.116.217.66,MAFOD,Blueprint RF
PEQFI,208.180.102.2,PEQFI,Blueprint RF
PHLVS,50.207.206.228,PHLVS,Blueprint RF
YYTDS,24.114.222.202,YYTDS,SafetyNetAccess
TYRTR,72.47.46.130,TYRTR,SafetyNetAccess
TCLTS,50.193.245.83,TCLTS,SafetyNetAccess
MSYTD,12.179.31.149,MSYTD,SafetyNetAccess
DFWWS,12.46.42.46,DFWWS,SafetyNetAccess
LNSRI,50.239.175.67,LNSRI,Cloud5
AUGFI,216.195.130.181,AUGFI,SingleDigits
BGRRI,64.140.212.246,BGRRI,SingleDigits
BGRTS,66.63.86.88,BGRTS,SingleDigits
BNAGI,207.86.216.85,BNAGI,SingleDigits
BOSBM,38.111.11.9,BOSBM,SingleDigits
CHINO,209.214.189.132,CHINO,SingleDigits
CSGAO,216.186.132.34,CSGAO,SingleDigits
COSSM,50.169.172.51,COSSM,Cloud5
YXEDS,64.141.14.139,YXEDS,SingleDigits
YWGDW,66.244.231.237,YWGDW,SingleDigits
YVRDB,97.111.8.25,YVRDB,SingleDigits
YSCDR,207.96.226.207,YSCDR,SingleDigits
YQMDR,72.138.110.90,YQMDR,SingleDigits
YHZMC,72.138.99.58,YHZMC,SingleDigits
YFCDF,72.138.110.139,YFCDF,SingleDigits
PWMBW,66.63.80.40,PWMBW,SingleDigits
MLBFV,12.175.168.67,MLBFV,SingleDigits
MIALA,206.99.220.101,MIALA,SingleDigits
LAXAX,12.39.250.125,LAXAX,SingleDigits
GNVRI,174.78.223.61,GNVRI,SingleDigits
DFWSI,64.183.196.70,DFWSI,SingleDigits
CURBR,161.0.97.101,CURBR,SingleDigits
CUNFP,186.96.3.236,CUNFP,SingleDigits
CUNFI,201.132.14.237,CUNFI,SingleDigits
FAYSL,66.19.95.3,FAYSL,SingleDigits
HOUMW,12.156.172.5,HOUMW,SingleDigits
LAXLS,12.231.173.240,LAXLS,SingleDigits
MIAES,104.178.77.88,MIAES,SingleDigits
OAKAP,209.0.100.91,OAKAP,SingleDigits
PFNFI,96.27.163.221,PFNFI,SingleDigits
YYGDP,24.222.66.215,YYGDP,SingleDigits
YKFDG,72.138.38.150,YKFDG,SingleDigits
SJCSJ,12.104.145.12,SJCSJ,SingleDigits
BQKCY,69.64.117.163,BQKCY,SONIFI
CLEAL,98.103.171.28,CLEAL,SONIFI
AUHRX,94.56.211.161,AUHRX,Reivernet
DABPC,66.19.243.227,DABPC,Allbridge
FLGSH,4.2.33.114,FLGSH,Allbridge
HTSDH,204.124.83.243,HTSDH,Allbridge
JAXJB,50.233.235.225,JAXJB,Allbridge
NYCEB,207.237.128.58,NYCEB,Allbridge
OMAWF,98.188.140.251,OMAWF,Allbridge
TPAPC,72.109.250.163,TPAPC,Allbridge
LITPB,12.189.37.162,LITPB,Allbridge
YYCWA,74.3.191.100,YYCWA,GuestTek
ROCFG,69.193.93.100,ROCFG,GuestTek
ROCFI,69.193.93.170,ROCFI,GuestTek
SANCB,12.36.36.155,SANCB,GuestTek
ERIDT,63.104.132.227,ERIDT,Allbridge
TULTD,98.164.35.108,TULTD,GuestTek
SATAP,65.59.243.15,SATAP,GuestTek
TPLFI,12.5.150.35,TPLFI,GuestTek
BWISU,50.169.40.50,BWISU,GuestTek
CHIKK,12.33.175.163,CHIKK,GuestTek
LEXKE,64.190.242.50,LEXKE,GuestTek
DTWFY,12.14.37.34,DTWFY,GuestTek
YYZRU,69.17.174.67,YYZRU,GuestTek
YGKFI,50.115.181.51,YGKFI,GuestTek
MKEFW,12.149.165.130,MKEFW,GuestTek
TPASH,209.155.221.195,TPASH,GuestTek
FHKSH,63.247.178.27,FHKSH,Cloud5
MCIAC,76.201.156.133,MCIAC,Cloud5
MWDFI,12.110.242.194,MWDFI,GuestTek
SATCD,65.59.243.2,SATCD,GuestTek
AYTLD,91.93.38.206,AYTLD,Mikenopa
CXRHT,222.255.146.133,CXRHT,Reivernet
DXBCB,94.56.76.182,DXBCB,Reivernet
DXBDE,2.50.5.242,DXBDE,Reivernet
DXBMB,213.42.94.91,DXBMB,Reivernet
GVAWH,212.243.247.253,GVAWH,Reivernet
HAMRN,176.94.185.194,HAMRN,Reivernet
PWMBA,64.140.214.247,PWMBA,SingleDigits
KCHSI,210.187.46.29,KCHSI,Reivernet
KULCS,103.226.126.230,KULCS,Reivernet
RDGFI,63.104.146.2,RDGFI,SafetyNetAccess
INDED,216.238.26.181,INDED,SafetyNetAccess
WASSX,50.233.149.130,WASSX,Comcast Business
YYZDS,207.219.231.53,YYZDS,SafetyNetAccess
BUFAP,204.253.58.105,BUFAP,SafetyNetAccess
MYRCY,168.92.224.105,MYRCY,SafetyNetAccess
SLCAP,130.250.248.34,SLCAP,SafetyNetAccess
SANMC,130.250.246.67,SANMC,SafetyNetAccess
SJCAC,12.35.38.194,SJCAC,SafetyNetAccess
SEAOX,12.35.38.19,SEAOX,SafetyNetAccess
JAXJS,12.159.11.163,JAXJS,SafetyNetAccess
CLTSW,134.204.31.10,CLTSW,SafetyNetAccess
MILSS,5.96.34.132,MILSS,Mikenopa
TUNMC,213.150.188.194,TUNMC,Hoist Group
MMJCH,153.156.18.171,MMJCH,NEC
MMJFJ,153.156.22.84,MMJFJ,NEC
OSAOW,153.246.67.41,OSAOW,NEC
TYOEB,125.102.174.53,TYOEB,NEC
CLERI,12.168.218.202,CLERI,Concord
LONCH,167.98.10.52,LONCH,Reivernet
EYWFK,162.251.117.99,EYWFK,SafetyNetAccess
RSWAC,74.121.175.215,RSWAC,SafetyNetAccess
PWMNC,209.213.65.82,PWMNC,SafetyNetAccess
DENBX,50.169.240.3,DENBX,SafetyNetAccess
SJUFP,207.150.224.132,SJUFP,SafetyNetAccess
SNAPL,12.29.234.134,SNAPL,SafetyNetAccess
COSFS,8.9.44.56,COSFS,SafetyNetAccess
RICCD,70.33.137.34,RICCD,SafetyNetAccess
RICCD,70.33.137.34,RICCD,SafetyNetAccess
ORFVS,216.12.108.6,ORFVS,SafetyNetAccess
YQARI,69.158.235.50,YQARI,SafetyNetAccess
PHXXL,63.239.218.55,PHXXL,SafetyNetAccess
BTRGZ,209.124.218.208,BTRGZ,SafetyNetAccess
